{
  "BUN": {
    "2021.2.25": 33.0,
    "2021.2.26": 30.96666667,
    "2021.2.27": 28.93333333,
    "2021.2.28": 26.9,
    "2021.3.1": 25.15,
    "2021.3.2": 23.4,
    "2021.3.3": 21.73333333,
    "2021.3.4": 20.06666667,
    "2021.3.5": 18.4,
    "2021.3.6": 15.26666667,
    "2021.3.7": 12.13333333,
    "2021.3.8": 9.0,
    "2021.3.9": 7.533333333,
    "2021.3.10": 6.066666667,
    "2021.3.11": 4.6,
    "2021.3.12": 4.625,
    "2021.3.13": 4.65,
    "2021.3.14": 4.675,
    "2021.3.15": 4.7,
    "2021.3.16": 5.266666667,
    "2021.3.17": 5.833333333,
    "2021.3.18": 6.4,
    "2021.3.19": 5.825,
    "2021.3.20": 5.25,
    "2021.3.21": 4.675,
    "2021.3.22": 4.1,
    "2021.3.23": 4.1
  },
  "Creatinine": {
    "2021.2.25": 0.8,
    "2021.2.26": 0.8,
    "2021.2.27": 0.8,
    "2021.2.28": 0.8,
    "2021.3.1": 0.75,
    "2021.3.2": 0.7,
    "2021.3.3": 0.7,
    "2021.3.4": 0.7,
    "2021.3.5": 0.7,
    "2021.3.6": 0.7,
    "2021.3.7": 0.7,
    "2021.3.8": 0.7,
    "2021.3.9": 0.633333333,
    "2021.3.10": 0.566666667,
    "2021.3.11": 0.5,
    "2021.3.12": 0.575,
    "2021.3.13": 0.65,
    "2021.3.14": 0.725,
    "2021.3.15": 0.8,
    "2021.3.16": 0.733333333,
    "2021.3.17": 0.666666667,
    "2021.3.18": 0.6,
    "2021.3.19": 0.55,
    "2021.3.20": 0.5,
    "2021.3.21": 0.45,
    "2021.3.22": 0.4,
    "2021.3.23": 0.4
  },
  "Hemoglobin": {
    "2021.2.25": 14.3,
    "2021.2.26": 13.4,
    "2021.2.27": 12.5,
    "2021.2.28": 11.6,
    "2021.3.1": 11.45,
    "2021.3.2": 11.3,
    "2021.3.3": 10.86666667,
    "2021.3.4": 10.43333333,
    "2021.3.5": 10.0,
    "2021.3.6": 9.766666667,
    "2021.3.7": 9.533333333,
    "2021.3.8": 9.3,
    "2021.3.9": 9.066666667,
    "2021.3.10": 8.833333333,
    "2021.3.11": 8.6,
    "2021.3.12": 8.9,
    "2021.3.13": 9.2,
    "2021.3.14": 9.5,
    "2021.3.15": 9.8,
    "2021.3.16": 10.03333333,
    "2021.3.17": 10.26666667,
    "2021.3.18": 10.5,
    "2021.3.19": 10.45,
    "2021.3.20": 10.4,
    "2021.3.21": 10.35,
    "2021.3.22": 10.3,
    "2021.3.23": 10.3
  },
  "LDH": {
    "2021.2.25": 647.0,
    "2021.2.26": 634.0,
    "2021.2.27": 621.0,
    "2021.2.28": 608.0,
    "2021.3.1": 594.5,
    "2021.3.2": 581.0,
    "2021.3.3": 536.3333333,
    "2021.3.4": 491.6666667,
    "2021.3.5": 447.0,
    "2021.3.6": 438.0,
    "2021.3.7": 429.0,
    "2021.3.8": 420.0,
    "2021.3.9": 386.0,
    "2021.3.10": 352.0,
    "2021.3.11": 318.0,
    "2021.3.12": 336.5,
    "2021.3.13": 355.0,
    "2021.3.14": 373.5,
    "2021.3.15": 392.0,
    "2021.3.16": 399.6666667,
    "2021.3.17": 407.3333333,
    "2021.3.18": 415.0,
    "2021.3.19": 424.5,
    "2021.3.20": 434.0,
    "2021.3.21": 443.5,
    "2021.3.22": 453.0,
    "2021.3.23": 453.0
  },
  "Lymphocytes": {
    "2021.2.25": 5.0,
    "2021.2.26": 6.333333333,
    "2021.2.27": 7.666666667,
    "2021.2.28": 9.0,
    "2021.3.1": 10.0,
    "2021.3.2": 11.0,
    "2021.3.3": 10.33333333,
    "2021.3.4": 9.666666667,
    "2021.3.5": 9.0,
    "2021.3.6": 12.33333333,
    "2021.3.7": 15.66666667,
    "2021.3.8": 19.0,
    "2021.3.9": 20.0,
    "2021.3.10": 21.0,
    "2021.3.11": 22.0,
    "2021.3.12": 24.5,
    "2021.3.13": 27.0,
    "2021.3.14": 29.5,
    "2021.3.15": 32.0,
    "2021.3.16": 34.0,
    "2021.3.17": 36.0,
    "2021.3.18": 38.0,
    "2021.3.19": 35.75,
    "2021.3.20": 33.5,
    "2021.3.21": 31.25,
    "2021.3.22": 29.0,
    "2021.3.23": 29.0
  },
  "Neutrophils": {
    "2021.2.25": 94.0,
    "2021.2.26": 90.0,
    "2021.2.27": 86.0,
    "2021.2.28": 82.0,
    "2021.3.1": 81.5,
    "2021.3.2": 81.0,
    "2021.3.3": 79.66666667,
    "2021.3.4": 78.33333333,
    "2021.3.5": 77.0,
    "2021.3.6": 73.0,
    "2021.3.7": 69.0,
    "2021.3.8": 65.0,
    "2021.3.9": 66.33333333,
    "2021.3.10": 67.66666667,
    "2021.3.11": 69.0,
    "2021.3.12": 63.75,
    "2021.3.13": 58.5,
    "2021.3.14": 53.25,
    "2021.3.15": 48.0,
    "2021.3.16": 47.33333333,
    "2021.3.17": 46.66666667,
    "2021.3.18": 46.0,
    "2021.3.19": 48.0,
    "2021.3.20": 50.0,
    "2021.3.21": 52.0,
    "2021.3.22": 54.0,
    "2021.3.23": 54.0
  },
  "Platelet count": {
    "2021.2.25": 125.0,
    "2021.2.26": 137.6666667,
    "2021.2.27": 150.3333333,
    "2021.2.28": 163.0,
    "2021.3.1": 165.5,
    "2021.3.2": 168.0,
    "2021.3.3": 153.6666667,
    "2021.3.4": 139.3333333,
    "2021.3.5": 125.0,
    "2021.3.6": 129.6666667,
    "2021.3.7": 134.3333333,
    "2021.3.8": 139.0,
    "2021.3.9": 137.0,
    "2021.3.10": 135.0,
    "2021.3.11": 133.0,
    "2021.3.12": 146.5,
    "2021.3.13": 160.0,
    "2021.3.14": 173.5,
    "2021.3.15": 187.0,
    "2021.3.16": 191.6666667,
    "2021.3.17": 196.3333333,
    "2021.3.18": 201.0,
    "2021.3.19": 216.25,
    "2021.3.20": 231.5,
    "2021.3.21": 246.75,
    "2021.3.22": 262.0,
    "2021.3.23": 262.0
  },
  "Potassium": {
    "2021.2.25": 4.7,
    "2021.2.26": 4.433333333,
    "2021.2.27": 4.166666667,
    "2021.2.28": 3.9,
    "2021.3.1": 3.65,
    "2021.3.2": 3.4,
    "2021.3.3": 3.4,
    "2021.3.4": 3.4,
    "2021.3.5": 3.4,
    "2021.3.6": 3.166666667,
    "2021.3.7": 2.933333333,
    "2021.3.8": 2.7,
    "2021.3.9": 2.6,
    "2021.3.10": 2.5,
    "2021.3.11": 2.4,
    "2021.3.12": 2.825,
    "2021.3.13": 3.25,
    "2021.3.14": 3.675,
    "2021.3.15": 4.1,
    "2021.3.16": 3.833333333,
    "2021.3.17": 3.566666667,
    "2021.3.18": 3.3,
    "2021.3.19": 3.225,
    "2021.3.20": 3.15,
    "2021.3.21": 3.075,
    "2021.3.22": 3.0,
    "2021.3.23": 3.0
  },
  "Sodium": {
    "2021.2.25": 139.0,
    "2021.2.26": 137.9,
    "2021.2.27": 136.8,
    "2021.2.28": 135.7,
    "2021.3.1": 136.45,
    "2021.3.2": 137.2,
    "2021.3.3": 136.5333333,
    "2021.3.4": 135.8666667,
    "2021.3.5": 135.2,
    "2021.3.6": 134.9333333,
    "2021.3.7": 134.6666667,
    "2021.3.8": 134.4,
    "2021.3.9": 136.2,
    "2021.3.10": 138.0,
    "2021.3.11": 139.8,
    "2021.3.12": 138.325,
    "2021.3.13": 136.85,
    "2021.3.14": 135.375,
    "2021.3.15": 133.9,
    "2021.3.16": 136.0333333,
    "2021.3.17": 138.1666667,
    "2021.3.18": 140.3,
    "2021.3.19": 140.3,
    "2021.3.20": 140.3,
    "2021.3.21": 140.3,
    "2021.3.22": 140.3,
    "2021.3.23": 140.3
  },
  "WBC Count": {
    "2021.2.25": 8.9,
    "2021.2.26": 10.36666667,
    "2021.2.27": 11.83333333,
    "2021.2.28": 13.3,
    "2021.3.1": 14.15,

    "2021.3.2": 15.0,
    "2021.3.3": 13.2,
    "2021.3.4": 11.4,
    "2021.3.5": 9.6,
    "2021.3.6": 9.033333333,

    "2021.3.7": 8.466666667,
    "2021.3.8": 7.9,
    "2021.3.9": 6.8,
    "2021.3.10": 5.7,
    "2021.3.11": 4.6,

    "2021.3.12": 4.7075,
    "2021.3.13": 4.815,
    "2021.3.14": 4.9225,
    "2021.3.15": 5.03,
    "2021.3.16": 5.253333333,

    "2021.3.17": 5.476666667,
    "2021.3.18": 5.7,
    "2021.3.19": 5.6,
    "2021.3.20": 5.5,
    "2021.3.21": 5.4,

    "2021.3.22": 5.3,
    "2021.3.23": 5.3
  },
  "CRP": {
    "2021.2.25": 4.7,
    "2021.2.26": 3.833333333,
    "2021.2.27": 2.966666667,
    "2021.2.28": 2.1,
    "2021.3.1": 2.78,
    "2021.3.2": 3.46,
    "2021.3.3": 4.14,
    "2021.3.4": 4.82,
    "2021.3.5": 5.5,
    "2021.3.6": 6.8,
    "2021.3.7": 8.1,
    "2021.3.8": 9.4,
    "2021.3.9": 7.933333333,
    "2021.3.10": 6.466666667,
    "2021.3.11": 5.0,
    "2021.3.12": 4.525,
    "2021.3.13": 4.05,
    "2021.3.14": 3.575,
    "2021.3.15": 3.1,
    "2021.3.16": 2.5,
    "2021.3.17": 1.9,
    "2021.3.18": 1.3,
    "2021.3.19": 1.55,
    "2021.3.20": 1.8,
    "2021.3.21": 2.05,
    "2021.3.22": 2.3,
    "2021.3.23": 2.3
  },
  "BDTEMP": {
    "2021.2.25": 36.5,
    "2021.2.26": 37.2,
    "2021.2.27": 36.6,
    "2021.2.28": 37.0,
    "2021.3.1": 36.8,
    "2021.3.2": 36.8,
    "2021.3.3": 36.8,
    "2021.3.4": 37.3,
    "2021.3.5": 37.1,
    "2021.3.6": 37.6,
    "2021.3.7": 37.1,
    "2021.3.8": 37.1,
    "2021.3.9": 37.3,
    "2021.3.10": 37.4,
    "2021.3.11": 37.9,
    "2021.3.12": 37.4,
    "2021.3.13": 37.2,
    "2021.3.14": 37.3,
    "2021.3.15": 36.9,
    "2021.3.16": 37.1,
    "2021.3.17": 36.8,
    "2021.3.18": 37.2,
    "2021.3.19": 36.7,